/*
This script was created by Visual Studio on 3/20/2025 at 2:58 PM.
Run this script on SQL8006.site4now.net.db_a8e747_devoaksvillage (db_a8e747_devoaksvillage_admin) to make it the same as SQL5113.site4now.net.db_a8e747_oaksvillage (db_a8e747_oaksvillage_admin).
This script performs its actions in the following order:
1. Disable foreign-key constraints.
2. Perform DELETE commands. 
3. Perform UPDATE commands.
4. Perform INSERT commands.
5. Re-enable foreign-key constraints.
Please back up your target database before running this script.
*/
SET NUMERIC_ROUNDABORT OFF
GO
SET XACT_ABORT, ANSI_PADDING, ANSI_WARNINGS, CONCAT_NULL_YIELDS_NULL, ARITHABORT, QUOTED_IDENTIFIER, ANSI_NULLS ON
GO
/*Pointer used for text / image updates. This might not be needed, but is declared here just in case*/
DECLARE @pv binary(16)
BEGIN TRANSACTION
ALTER TABLE [dbo].[AspNetUserClaims] DROP CONSTRAINT [FK_AspNetUserClaims_AspNetUsers_UserId]
ALTER TABLE [dbo].[AspNetUserLogins] DROP CONSTRAINT [FK_AspNetUserLogins_AspNetUsers_UserId]
ALTER TABLE [dbo].[AspNetUserRoles] DROP CONSTRAINT [FK_AspNetUserRoles_AspNetRoles_RoleId]
ALTER TABLE [dbo].[AspNetUserRoles] DROP CONSTRAINT [FK_AspNetUserRoles_AspNetUsers_UserId]
ALTER TABLE [dbo].[AspNetUserTokens] DROP CONSTRAINT [FK_AspNetUserTokens_AspNetUsers_UserId]
ALTER TABLE [dbo].[AspNetRoleClaims] DROP CONSTRAINT [FK_AspNetRoleClaims_AspNetRoles_RoleId]
DELETE FROM [dbo].[AspNetUserRoles] WHERE [UserId]=N'f2bcf608-af6c-498e-b965-7d3b403d5c08' AND [RoleId]=N'b4b79c10-f12b-4a09-8585-6e8172573dcb'
DELETE FROM [dbo].[AspNetUsers] WHERE [Id]=N'f2bcf608-af6c-498e-b965-7d3b403d5c08'
DELETE FROM [dbo].[AspNetRoles] WHERE [Id]=N'02ebf8fb-a319-44e9-85ac-8eceba60af7d'
DELETE FROM [dbo].[AspNetRoles] WHERE [Id]=N'09a5c1d1-c55d-47e2-978c-6cddf2edc084'
DELETE FROM [dbo].[AspNetRoles] WHERE [Id]=N'b4b79c10-f12b-4a09-8585-6e8172573dcb'
INSERT INTO [dbo].[AspNetRoles] ([Id], [Name], [NormalizedName], [ConcurrencyStamp]) VALUES (N'4477459a-5b9d-4d44-bd1a-b05d8e93b4b9', N'Admin', N'ADMIN', NULL)
INSERT INTO [dbo].[AspNetRoles] ([Id], [Name], [NormalizedName], [ConcurrencyStamp]) VALUES (N'5990d8bf-bd5d-4a2a-a718-057a3cde682d', N'Member', N'MEMBER', NULL)
INSERT INTO [dbo].[AspNetRoles] ([Id], [Name], [NormalizedName], [ConcurrencyStamp]) VALUES (N'f542d44a-f330-459b-b46c-b87e4a87976f', N'Manager', N'MANAGER', NULL)
INSERT INTO [dbo].[AspNetUsers] ([Id], [UserName], [NormalizedUserName], [Email], [NormalizedEmail], [EmailConfirmed], [PasswordHash], [SecurityStamp], [ConcurrencyStamp], [PhoneNumber], [PhoneNumberConfirmed], [TwoFactorEnabled], [LockoutEnd], [LockoutEnabled], [AccessFailedCount]) VALUES (N'029999d7-f1fd-4628-b345-bb5e4a7fe0f0', N'apnazarenechurch@gmail.com', N'APNAZARENECHURCH@GMAIL.COM', N'apnazarenechurch@gmail.com', N'APNAZARENECHURCH@GMAIL.COM', 1, N'AQAAAAIAAYagAAAAEHX1gzVFYrVnPmS0/AkHwfkx+hZRIkY4lpjl4vGRPIcuCJ2Qc7oktxrzdeXeuiYsMA==', N'7VN22QNY42WLWOJWNGPKP2IYPFV22SZL', N'8128592c-ff96-4edc-903a-92ff0e0ee0ff', N'(863) 257-5549', 0, 0, NULL, 1, 0)
INSERT INTO [dbo].[AspNetUsers] ([Id], [UserName], [NormalizedUserName], [Email], [NormalizedEmail], [EmailConfirmed], [PasswordHash], [SecurityStamp], [ConcurrencyStamp], [PhoneNumber], [PhoneNumberConfirmed], [TwoFactorEnabled], [LockoutEnd], [LockoutEnabled], [AccessFailedCount]) VALUES (N'044d5ce6-5639-479a-9faf-70a80d459fcd', N'lynda.boardman@gmail.com', N'LYNDA.BOARDMAN@GMAIL.COM', N'lynda.boardman@gmail.com', N'LYNDA.BOARDMAN@GMAIL.COM', 1, N'AQAAAAIAAYagAAAAEGLi2KhxsID0pVWCmzRcSZwdsqxYIP7hUVXnExrj0L51qjbA2yAxu1wGVn5MkD7TtA==', N'6ESP6IIK22VBRYMH744HRGMH37CILJFQ', N'25bfd32c-6491-4954-84d9-5b32194a298e', NULL, 0, 0, NULL, 1, 0)
INSERT INTO [dbo].[AspNetUsers] ([Id], [UserName], [NormalizedUserName], [Email], [NormalizedEmail], [EmailConfirmed], [PasswordHash], [SecurityStamp], [ConcurrencyStamp], [PhoneNumber], [PhoneNumberConfirmed], [TwoFactorEnabled], [LockoutEnd], [LockoutEnabled], [AccessFailedCount]) VALUES (N'070bbbb7-5356-4508-8c7a-8a3c16d3f70f', N'daveyassoc@hotmail.com', N'DAVEYASSOC@HOTMAIL.COM', N'daveyassoc@hotmail.com', N'DAVEYASSOC@HOTMAIL.COM', 1, N'AQAAAAIAAYagAAAAEEtJ6AkS1gCnE+v3wmaMUfDz3VfqcEiblwbGJ9j8YfjLBqypIGjrhpLfjhNOtqsmhw==', N'MTVFP66KTP34WKIZ72Q26CN4QVETDZ47', N'8272af74-16c3-466c-b757-9b44206ec738', N'(636) 734-5996', 0, 0, NULL, 1, 0)
INSERT INTO [dbo].[AspNetUsers] ([Id], [UserName], [NormalizedUserName], [Email], [NormalizedEmail], [EmailConfirmed], [PasswordHash], [SecurityStamp], [ConcurrencyStamp], [PhoneNumber], [PhoneNumberConfirmed], [TwoFactorEnabled], [LockoutEnd], [LockoutEnabled], [AccessFailedCount]) VALUES (N'0efb67d2-d1a0-4c34-9e7d-d871c36cf7ed', N'vanderwall.bill@gmail.com', N'VANDERWALL.BILL@GMAIL.COM', N'vanderwall.bill@gmail.com', N'VANDERWALL.BILL@GMAIL.COM', 1, N'AQAAAAIAAYagAAAAELXn6FEP+R08Q15DKcIKlyM4x8RWO9P3uw4GMSCaB/4ZhukIkV7d/EGiiPBqWbC95Q==', N'TFREYGX2UIDYZCMT3JOXCRDNIIYTMDBI', N'122adfda-c766-4aaa-bd69-e6ae21412f59', NULL, 0, 0, NULL, 1, 0)
INSERT INTO [dbo].[AspNetUsers] ([Id], [UserName], [NormalizedUserName], [Email], [NormalizedEmail], [EmailConfirmed], [PasswordHash], [SecurityStamp], [ConcurrencyStamp], [PhoneNumber], [PhoneNumberConfirmed], [TwoFactorEnabled], [LockoutEnd], [LockoutEnabled], [AccessFailedCount]) VALUES (N'0f4c6c20-939d-4234-97d8-305d597b33de', N'carolwawr@comcast.net', N'CAROLWAWR@COMCAST.NET', N'carolwawr@comcast.net', N'CAROLWAWR@COMCAST.NET', 1, N'AQAAAAIAAYagAAAAEMDEyY73GCF5VIsWeV1NBDAOKgd3li0v3PIKWOd5KaPjpVRLRb4FLfI0kAnenBpm6Q==', N'Y2OOUQDNDN3KF6GFXNXGM7XYYQJYYQN3', N'aee14ce1-c6b6-4394-a2c7-8dd03a235455', N'(863) 453-2923', 0, 0, NULL, 1, 0)
INSERT INTO [dbo].[AspNetUsers] ([Id], [UserName], [NormalizedUserName], [Email], [NormalizedEmail], [EmailConfirmed], [PasswordHash], [SecurityStamp], [ConcurrencyStamp], [PhoneNumber], [PhoneNumberConfirmed], [TwoFactorEnabled], [LockoutEnd], [LockoutEnabled], [AccessFailedCount]) VALUES (N'142dc63c-ee67-4b1d-8f71-441a2af2963b', N'skirda2@gmail.com', N'SKIRDA2@GMAIL.COM', N'skirda2@gmail.com', N'SKIRDA2@GMAIL.COM', 1, N'AQAAAAIAAYagAAAAEEze8xLC3uqAj4y734r/3NqmObodGRMfjt3BrkGe+GOOWEAydovuZo6+hq8Ntq0QSA==', N'L5ATX4L22NRE73SCLBHOBI4I62KFDPSX', N'dc5f89f6-fb97-4890-8514-d7c665375803', N'(269) 598-7288', 0, 0, NULL, 1, 0)
INSERT INTO [dbo].[AspNetUsers] ([Id], [UserName], [NormalizedUserName], [Email], [NormalizedEmail], [EmailConfirmed], [PasswordHash], [SecurityStamp], [ConcurrencyStamp], [PhoneNumber], [PhoneNumberConfirmed], [TwoFactorEnabled], [LockoutEnd], [LockoutEnabled], [AccessFailedCount]) VALUES (N'1e72b2e9-0de8-44ff-81d0-ce6330e3cefb', N'leslie.dworetzky@gmail.com', N'LESLIE.DWORETZKY@GMAIL.COM', N'leslie.dworetzky@gmail.com', N'LESLIE.DWORETZKY@GMAIL.COM', 1, N'AQAAAAIAAYagAAAAEJhzFl1r8Qup6LA8gP7PEMau7ZnECs/gwa0TM35cFbQ3aGoJN/zVRNS68vho/g28LA==', N'73FUWO5W2NNKZQ5UHJ2ZEBBMUOCY7XF7', N'ee615b51-017a-408f-b473-d8540b9fbdf0', N'(856) 364-0312', 0, 0, NULL, 1, 0)
INSERT INTO [dbo].[AspNetUsers] ([Id], [UserName], [NormalizedUserName], [Email], [NormalizedEmail], [EmailConfirmed], [PasswordHash], [SecurityStamp], [ConcurrencyStamp], [PhoneNumber], [PhoneNumberConfirmed], [TwoFactorEnabled], [LockoutEnd], [LockoutEnabled], [AccessFailedCount]) VALUES (N'22d1d4c3-7589-4a12-badc-7287265d71df', N'franbeers44@gmail.com', N'FRANBEERS44@GMAIL.COM', N'franbeers44@gmail.com', N'FRANBEERS44@GMAIL.COM', 1, N'AQAAAAIAAYagAAAAENB5CArFZNDSolfb1bIq54fLnyWqfgBZSkCMPAXZz483oY3jDBvT8Bc6FeHnn1mQMw==', N'W4WZMQEWO3RPDL233HDIWQFMOMTMORM3', N'756d530b-c1c5-4603-a99b-cbbcb1be5279', N'(863) 449-0072', 0, 0, NULL, 1, 0)
INSERT INTO [dbo].[AspNetUsers] ([Id], [UserName], [NormalizedUserName], [Email], [NormalizedEmail], [EmailConfirmed], [PasswordHash], [SecurityStamp], [ConcurrencyStamp], [PhoneNumber], [PhoneNumberConfirmed], [TwoFactorEnabled], [LockoutEnd], [LockoutEnabled], [AccessFailedCount]) VALUES (N'23a2c0ce-fe62-4b8d-a6bd-2af8c9748a88', N'cemyers10@verizon.net', N'CEMYERS10@VERIZON.NET', N'cemyers10@verizon.net', N'CEMYERS10@VERIZON.NET', 0, N'AQAAAAIAAYagAAAAEIRQJWK0PiIelURWWiPd/D/PtjqZ1z0hyPpTF0ic0gw2A2O+t+aCLutP2dHAUOaQrw==', N'VTFILNVBX2Q5SF6JMUGVMPQ2AR73EXJS', N'80686b9e-9095-4d71-94ad-4718d48b61d7', N'(724) 674-9929', 0, 0, NULL, 1, 0)
INSERT INTO [dbo].[AspNetUsers] ([Id], [UserName], [NormalizedUserName], [Email], [NormalizedEmail], [EmailConfirmed], [PasswordHash], [SecurityStamp], [ConcurrencyStamp], [PhoneNumber], [PhoneNumberConfirmed], [TwoFactorEnabled], [LockoutEnd], [LockoutEnabled], [AccessFailedCount]) VALUES (N'287e58ca-8c0b-44f1-a422-2cc8861a6aa3', N'elcoquito45@gmail.com', N'ELCOQUITO45@GMAIL.COM', N'elcoquito45@gmail.com', N'ELCOQUITO45@GMAIL.COM', 1, N'AQAAAAIAAYagAAAAELgA4HEzcmwFt6F6MrnL3QSMnryvksjbKdG7op0i2C1obh71RaJAc3qCPUIwA7fYYg==', N'U4NERCUGCZ6KEQ2LRW2OGAXNSWATQ6EZ', N'f88eac97-601b-4887-8d14-a827d6fd4cb3', N'(787) 409-2614', 0, 0, NULL, 1, 0)
INSERT INTO [dbo].[AspNetUsers] ([Id], [UserName], [NormalizedUserName], [Email], [NormalizedEmail], [EmailConfirmed], [PasswordHash], [SecurityStamp], [ConcurrencyStamp], [PhoneNumber], [PhoneNumberConfirmed], [TwoFactorEnabled], [LockoutEnd], [LockoutEnabled], [AccessFailedCount]) VALUES (N'39fa2230-f19f-4ee1-a37a-3197d0c986a8', N'gudnuz@gmail.com', N'GUDNUZ@GMAIL.COM', N'gudnuz@gmail.com', N'GUDNUZ@GMAIL.COM', 1, N'AQAAAAIAAYagAAAAEB2Wz6EGDdyFnykyOnxTVyLhbwfghxXau3OtEldeCkFBnjmty72Ha1v5TvaegnLNeA==', N'KEZT7D7R6YSC2KORQM4NOLGKQXZG62ZS', N'2141f7dc-ae93-492a-a1c7-beae3781c1fa', N'(863) 257-5549', 0, 0, NULL, 1, 0)
INSERT INTO [dbo].[AspNetUsers] ([Id], [UserName], [NormalizedUserName], [Email], [NormalizedEmail], [EmailConfirmed], [PasswordHash], [SecurityStamp], [ConcurrencyStamp], [PhoneNumber], [PhoneNumberConfirmed], [TwoFactorEnabled], [LockoutEnd], [LockoutEnabled], [AccessFailedCount]) VALUES (N'419ba1ee-5d15-4893-8be1-c2f7575e14f9', N'ROSARIODANIEL1964@GMAIL.COM', N'ROSARIODANIEL1964@GMAIL.COM', N'ROSARIODANIEL1964@GMAIL.COM', N'ROSARIODANIEL1964@GMAIL.COM', 1, N'AQAAAAIAAYagAAAAED5sY/a4H2XE0sS4oBBaBLtHTr53xBj/+PSe9nzTSREA44gRoof7PPFtHZEypndYMA==', N'EQW26ZCH5PA23HONBUYM3EMP6J4H4MO4', N'c8738093-abf3-4afd-8d41-cc02c3091bb7', N'(863) 604-6639', 0, 0, NULL, 1, 0)
INSERT INTO [dbo].[AspNetUsers] ([Id], [UserName], [NormalizedUserName], [Email], [NormalizedEmail], [EmailConfirmed], [PasswordHash], [SecurityStamp], [ConcurrencyStamp], [PhoneNumber], [PhoneNumberConfirmed], [TwoFactorEnabled], [LockoutEnd], [LockoutEnabled], [AccessFailedCount]) VALUES (N'45bd07b2-b136-4b30-b036-e8d076415b83', N'vivarey1@yahoo.com', N'VIVAREY1@YAHOO.COM', N'vivarey1@yahoo.com', N'VIVAREY1@YAHOO.COM', 1, N'AQAAAAIAAYagAAAAENKzm91bsLTc3LNP8Nzo6IUrqHVw/6JBrfbhVNHpHzTlrNjhHbQw4wZ9Wxu64exngg==', N'LBRIQYT2ZOJQVUIA4DOAU2HEDSH7KGZP', N'a1c84f4a-aaed-4113-afde-9148ead61c15', NULL, 0, 0, NULL, 1, 0)
INSERT INTO [dbo].[AspNetUsers] ([Id], [UserName], [NormalizedUserName], [Email], [NormalizedEmail], [EmailConfirmed], [PasswordHash], [SecurityStamp], [ConcurrencyStamp], [PhoneNumber], [PhoneNumberConfirmed], [TwoFactorEnabled], [LockoutEnd], [LockoutEnabled], [AccessFailedCount]) VALUES (N'48cdda39-9cc0-44fa-a5db-8a274d7eae9d', N'grammyje@gmail.com', N'GRAMMYJE@GMAIL.COM', N'grammyje@gmail.com', N'GRAMMYJE@GMAIL.COM', 1, N'AQAAAAIAAYagAAAAEJeYYOutjat0K0GkzNSR/VS/cUA0v+yyw3KFldtLTz0JzpXuGQADcdJ54nKTYKmMCQ==', N'BDQA3DVWBJTPGB4HDWMKNNHXTBVRUMEG', N'f60ea87a-4573-492f-abff-a386b064920a', NULL, 0, 0, NULL, 1, 0)
INSERT INTO [dbo].[AspNetUsers] ([Id], [UserName], [NormalizedUserName], [Email], [NormalizedEmail], [EmailConfirmed], [PasswordHash], [SecurityStamp], [ConcurrencyStamp], [PhoneNumber], [PhoneNumberConfirmed], [TwoFactorEnabled], [LockoutEnd], [LockoutEnabled], [AccessFailedCount]) VALUES (N'490ab625-764e-4369-bd24-4ff4b8c6efaa', N'DavidEcker1957@gmail.com', N'DAVIDECKER1957@GMAIL.COM', N'DavidEcker1957@gmail.com', N'DAVIDECKER1957@GMAIL.COM', 1, N'AQAAAAIAAYagAAAAENMNt7jteTivAkXN6Gl+lkjPbOVCp+XAalVyZpmY4aLN/MFJfQrY+u6TLa45CTaHoA==', N'IV7INGETXLCFR6HF7GMOUCPXQFWCPQOH', N'db867ff7-d6cf-460a-be17-7fe594db9aad', N'(703) 220-6141', 0, 0, NULL, 1, 0)
INSERT INTO [dbo].[AspNetUsers] ([Id], [UserName], [NormalizedUserName], [Email], [NormalizedEmail], [EmailConfirmed], [PasswordHash], [SecurityStamp], [ConcurrencyStamp], [PhoneNumber], [PhoneNumberConfirmed], [TwoFactorEnabled], [LockoutEnd], [LockoutEnabled], [AccessFailedCount]) VALUES (N'523ffa40-34d2-4cea-b7dc-6413a9323833', N'admin@Oaks-Village.com', N'ADMIN@OAKS-VILLAGE.COM', N'admin@Oaks-Village.com', N'ADMIN@OAKS-VILLAGE.COM', 1, N'AQAAAAIAAYagAAAAEHVXsGCZR8dsQJL3ROgghXgKsmS5Hx1YPgpYJTbAe2XDwYWvnbCyy9c5wJUhZaJczg==', N'TKDL6MJRXIAKVDUFN2EEOWDHF2EQX5EU', N'932df94e-9cb3-4c05-9887-ff06e264aa6b', N'(863) 257-5287', 0, 0, NULL, 1, 0)
INSERT INTO [dbo].[AspNetUsers] ([Id], [UserName], [NormalizedUserName], [Email], [NormalizedEmail], [EmailConfirmed], [PasswordHash], [SecurityStamp], [ConcurrencyStamp], [PhoneNumber], [PhoneNumberConfirmed], [TwoFactorEnabled], [LockoutEnd], [LockoutEnabled], [AccessFailedCount]) VALUES (N'5e939285-2c05-4252-8de3-21bd55cc7433', N'patricia.bridewell@gmail.com', N'PATRICIA.BRIDEWELL@GMAIL.COM', N'patricia.bridewell@gmail.com', N'PATRICIA.BRIDEWELL@GMAIL.COM', 1, N'AQAAAAIAAYagAAAAEGGtu1p2/mEDBus7sp5XWt5u8Y3mp/5CqeJyb5VC0T8u3EbApQ47zE6urkvIGXa23Q==', N'7XD42ZLIDKLVI3QLPHB2QVOV5NWYANTX', N'ffb01b57-8d4f-4f7e-a534-393184b90597', N'(863) 257-5287', 0, 0, NULL, 1, 0)
INSERT INTO [dbo].[AspNetUsers] ([Id], [UserName], [NormalizedUserName], [Email], [NormalizedEmail], [EmailConfirmed], [PasswordHash], [SecurityStamp], [ConcurrencyStamp], [PhoneNumber], [PhoneNumberConfirmed], [TwoFactorEnabled], [LockoutEnd], [LockoutEnabled], [AccessFailedCount]) VALUES (N'5ecf463d-dee7-42af-931c-fc9cfa710608', N'cmoy1@hotmail.com', N'CMOY1@HOTMAIL.COM', N'cmoy1@hotmail.com', N'CMOY1@HOTMAIL.COM', 0, N'AQAAAAIAAYagAAAAEPOlfq+DI+uCTfRCwO/RjEwtcXcrDZCjS2a+LV3V0/cICL39QQYxYSbANVcyunGnHg==', N'LAB2JSDRIFUBHTFJCAV2BKVHMB2AP5WN', N'28fee250-de61-4321-bc5b-4a212f1241a2', N'(401) 265-1964', 0, 0, NULL, 1, 0)
INSERT INTO [dbo].[AspNetUsers] ([Id], [UserName], [NormalizedUserName], [Email], [NormalizedEmail], [EmailConfirmed], [PasswordHash], [SecurityStamp], [ConcurrencyStamp], [PhoneNumber], [PhoneNumberConfirmed], [TwoFactorEnabled], [LockoutEnd], [LockoutEnabled], [AccessFailedCount]) VALUES (N'60f3bfdb-1a05-4e22-8e68-bc25dbf522aa', N'fmcorrea0623@yahoo.com', N'FMCORREA0623@YAHOO.COM', N'fmcorrea0623@yahoo.com', N'FMCORREA0623@YAHOO.COM', 1, N'AQAAAAIAAYagAAAAELBMOXiOJvfGVM7IsrzSvB9Eq5fUj9cUpDyZZLYGOXRU7+o+iFkSfvu8oswDvp4+JA==', N'DYYYYHEDHP3RARUAFJ65TZQKLFMFQKMV', N'0d72a84b-1a2d-4b83-8ac2-634fc4de18a5', N'(347) 738-3800', 0, 0, NULL, 1, 0)
INSERT INTO [dbo].[AspNetUsers] ([Id], [UserName], [NormalizedUserName], [Email], [NormalizedEmail], [EmailConfirmed], [PasswordHash], [SecurityStamp], [ConcurrencyStamp], [PhoneNumber], [PhoneNumberConfirmed], [TwoFactorEnabled], [LockoutEnd], [LockoutEnabled], [AccessFailedCount]) VALUES (N'6f0943fe-ea89-4b58-9278-3c23584f0976', N'ritagettinger73@gmail.com', N'RITAGETTINGER73@GMAIL.COM', N'ritagettinger73@gmail.com', N'RITAGETTINGER73@GMAIL.COM', 1, N'AQAAAAIAAYagAAAAEDT2wj8x7I3GCGhLhVdjH9aupSEl3R3r2LMltPBCvWN4pagBdClp2QzGYIugNZe4ow==', N'HD25A7KKUET55R4Z2Z5OZ62OX3OXQMBN', N'af87c683-9ac2-42df-a92a-ad1ddf150038', N'(863) 414-2518', 0, 0, NULL, 1, 0)
INSERT INTO [dbo].[AspNetUsers] ([Id], [UserName], [NormalizedUserName], [Email], [NormalizedEmail], [EmailConfirmed], [PasswordHash], [SecurityStamp], [ConcurrencyStamp], [PhoneNumber], [PhoneNumberConfirmed], [TwoFactorEnabled], [LockoutEnd], [LockoutEnabled], [AccessFailedCount]) VALUES (N'700c5818-2ffe-4248-a1ac-5ef5cc296336', N'idj1012@aol.com', N'IDJ1012@AOL.COM', N'idj1012@aol.com', N'IDJ1012@AOL.COM', 1, N'AQAAAAIAAYagAAAAEIfMSIkBKcW5YweYuTu02E7yZ4TQTjW7uerMXiU54/l3a8tVRQCZtuAtSL+Ub7sKNw==', N'U7QJMQC433DQDM2YQ4JIZDIJUSQTFGNJ', N'b8ee0c92-64b4-4be4-9dfe-439af1713302', N'(863) 368-2350', 0, 0, NULL, 1, 0)
INSERT INTO [dbo].[AspNetUsers] ([Id], [UserName], [NormalizedUserName], [Email], [NormalizedEmail], [EmailConfirmed], [PasswordHash], [SecurityStamp], [ConcurrencyStamp], [PhoneNumber], [PhoneNumberConfirmed], [TwoFactorEnabled], [LockoutEnd], [LockoutEnabled], [AccessFailedCount]) VALUES (N'7108a4d1-4c2d-4162-98a2-a11929a471e8', N'sandraleethiem@yahoo.com', N'SANDRALEETHIEM@YAHOO.COM', N'sandraleethiem@yahoo.com', N'SANDRALEETHIEM@YAHOO.COM', 1, N'AQAAAAIAAYagAAAAEGEt1ApQAiuhexa5t12bjat2yLPC28BNfJJMY6UGPvoF6Q//1YCxq7SG6JnBMy45iw==', N'GNXY453SL3CZPRPV3JHNZNQQ3JIQSVET', N'909e35ee-937e-4c35-bc79-ebe5e8b8330d', N'(412) 722-6213', 0, 0, NULL, 1, 0)
INSERT INTO [dbo].[AspNetUsers] ([Id], [UserName], [NormalizedUserName], [Email], [NormalizedEmail], [EmailConfirmed], [PasswordHash], [SecurityStamp], [ConcurrencyStamp], [PhoneNumber], [PhoneNumberConfirmed], [TwoFactorEnabled], [LockoutEnd], [LockoutEnabled], [AccessFailedCount]) VALUES (N'73ed4468-9a5a-44a9-ba5c-1acd04f1fdc2', N'jomaule1018@gmail.com', N'JOMAULE1018@GMAIL.COM', N'jomaule1018@gmail.com', N'JOMAULE1018@GMAIL.COM', 1, N'AQAAAAIAAYagAAAAEEhPyGYld+Xj3UPmTyVIgPn/gBzh4AyjFNQgN0srjHHv7V5h9FGLeO1TA6VqAEd9jA==', N'RJ2JYGD26J6RROXQBGSHZASLQWQ2NMQU', N'7c59d9d8-0942-452b-9fb4-b9d4459d88d3', N'(352) 534-1556', 0, 0, NULL, 1, 0)
INSERT INTO [dbo].[AspNetUsers] ([Id], [UserName], [NormalizedUserName], [Email], [NormalizedEmail], [EmailConfirmed], [PasswordHash], [SecurityStamp], [ConcurrencyStamp], [PhoneNumber], [PhoneNumberConfirmed], [TwoFactorEnabled], [LockoutEnd], [LockoutEnabled], [AccessFailedCount]) VALUES (N'80e0d9e2-e6ec-4ee6-ad3a-c634d3240d56', N'tom999@tomjmiller.com', N'TOM999@TOMJMILLER.COM', N'tom999@tomjmiller.com', N'TOM999@TOMJMILLER.COM', 1, N'AQAAAAIAAYagAAAAEPqYWgR5C3ZzIA6YtAakIv7VowDYgOKZIhHuoZYUYw1KiYWZna4c4b92RVi8b24BIA==', N'5MSE3LPEWBOOEE2SE2NCKHEOTAPWVBID', N'71d00bf3-e50a-48bd-bfff-5bc5e3e9f237', N'(479) 871-5561', 0, 0, NULL, 1, 0)
INSERT INTO [dbo].[AspNetUsers] ([Id], [UserName], [NormalizedUserName], [Email], [NormalizedEmail], [EmailConfirmed], [PasswordHash], [SecurityStamp], [ConcurrencyStamp], [PhoneNumber], [PhoneNumberConfirmed], [TwoFactorEnabled], [LockoutEnd], [LockoutEnabled], [AccessFailedCount]) VALUES (N'80efc4f0-27e6-4f48-a130-8880fb6df3cb', N'sherbecka@gmail.com', N'SHERBECKA@GMAIL.COM', N'sherbecka@gmail.com', N'SHERBECKA@GMAIL.COM', 1, N'AQAAAAIAAYagAAAAENTGJWpxWpfAJ2KhFzbXuSabNSht1jaMKuXnv04ZHSuaxRaKOtotqpgUUcpHs17TIA==', N'3S6B2F36FRV7SLQYW6K23LWJHHTAWTVA', N'be9ce4ed-fdf8-484d-9d65-d85d0108ecce', N'(716) 490-1158', 0, 0, NULL, 1, 0)
INSERT INTO [dbo].[AspNetUsers] ([Id], [UserName], [NormalizedUserName], [Email], [NormalizedEmail], [EmailConfirmed], [PasswordHash], [SecurityStamp], [ConcurrencyStamp], [PhoneNumber], [PhoneNumberConfirmed], [TwoFactorEnabled], [LockoutEnd], [LockoutEnabled], [AccessFailedCount]) VALUES (N'84a82a86-2d6f-415e-a172-513174245a45', N'rswright52@gmail.com', N'RSWRIGHT52@GMAIL.COM', N'rswright52@gmail.com', N'RSWRIGHT52@GMAIL.COM', 1, N'AQAAAAIAAYagAAAAEASuqnYHbnpgmNanHTtZmBdy0kOg/Bm/PikvE8FGdyRNNCgVfy4qVCFSMDeo+O0xrQ==', N'MK4UQ72K3BY3DDXDHZY2ZA6VV64VMXLJ', N'e5640b1c-82b7-43ec-8564-bb14bbbf287f', N'(618) 580-0928', 0, 0, NULL, 1, 0)
INSERT INTO [dbo].[AspNetUsers] ([Id], [UserName], [NormalizedUserName], [Email], [NormalizedEmail], [EmailConfirmed], [PasswordHash], [SecurityStamp], [ConcurrencyStamp], [PhoneNumber], [PhoneNumberConfirmed], [TwoFactorEnabled], [LockoutEnd], [LockoutEnabled], [AccessFailedCount]) VALUES (N'84be0c71-097e-42b5-b26e-8f421368e2df', N'Jsneens@gmail.com', N'JSNEENS@GMAIL.COM', N'Jsneens@gmail.com', N'JSNEENS@GMAIL.COM', 1, N'AQAAAAIAAYagAAAAEJUVkZxu2fiU9Nnd26bgyTQRzCW38pgtYR4pd7lSoPr01kg0yd19ZknNQdapkTTupQ==', N'RWCNPVW5VY4V4JXNEGXJGJ2ERBT3K4PA', N'1b4a7b12-0671-4864-9da3-847f69e5c718', N'(813) 334-8788', 0, 0, NULL, 1, 0)
INSERT INTO [dbo].[AspNetUsers] ([Id], [UserName], [NormalizedUserName], [Email], [NormalizedEmail], [EmailConfirmed], [PasswordHash], [SecurityStamp], [ConcurrencyStamp], [PhoneNumber], [PhoneNumberConfirmed], [TwoFactorEnabled], [LockoutEnd], [LockoutEnabled], [AccessFailedCount]) VALUES (N'942f15b4-106f-4681-b285-ea4fe83a50f9', N'mikish.vaughn@gmail.com', N'MIKISH.VAUGHN@GMAIL.COM', N'mikish.vaughn@gmail.com', N'MIKISH.VAUGHN@GMAIL.COM', 1, N'AQAAAAIAAYagAAAAELXY5cZY27cGzakX7/Fuv0ExM4sNECafvlUj+c6VSBQ4Gz67nAql0TK06PKReXIQCw==', N'PBEGGWVXSZH6PHTBNSL3EO7RIEPPKUXP', N'3a741ccf-5765-4449-9b35-a6fa6d1a8f49', N'(217) 371-8041', 0, 0, NULL, 1, 0)
INSERT INTO [dbo].[AspNetUsers] ([Id], [UserName], [NormalizedUserName], [Email], [NormalizedEmail], [EmailConfirmed], [PasswordHash], [SecurityStamp], [ConcurrencyStamp], [PhoneNumber], [PhoneNumberConfirmed], [TwoFactorEnabled], [LockoutEnd], [LockoutEnabled], [AccessFailedCount]) VALUES (N'a44be137-4017-4221-b2b9-44057d57e020', N'akblack798@gmail.com', N'AKBLACK798@GMAIL.COM', N'akblack798@gmail.com', N'AKBLACK798@GMAIL.COM', 1, N'AQAAAAIAAYagAAAAEBVt2SF1YZr80kh3AOQRvxEOqkADa28EMoSLiYA0kZGAFsmFA6BpAW1u2mmWwFsxEQ==', N'AKFXJP4P25YV2O5VTRD4WPIP2UAM4AM6', N'2e7688fe-6531-4abd-9533-3ae2f6ce24ee', NULL, 0, 0, NULL, 1, 0)
INSERT INTO [dbo].[AspNetUsers] ([Id], [UserName], [NormalizedUserName], [Email], [NormalizedEmail], [EmailConfirmed], [PasswordHash], [SecurityStamp], [ConcurrencyStamp], [PhoneNumber], [PhoneNumberConfirmed], [TwoFactorEnabled], [LockoutEnd], [LockoutEnabled], [AccessFailedCount]) VALUES (N'a808f7fd-54e1-4b80-997c-528b265fb458', N'hndzluis@hotmail.com', N'HNDZLUIS@HOTMAIL.COM', N'hndzluis@hotmail.com', N'HNDZLUIS@HOTMAIL.COM', 1, N'AQAAAAIAAYagAAAAEOOsqKgiRpBGhz6ssex/ZkCjElAYtMoPGpSN3WOTxLAREnz9Gd8G6HDiwOhDB8igkw==', N'CPF2XUB5NFKNWFSUC3PGYD3KA63ITPTU', N'69f261c7-1e97-42c4-b14e-116451e5e2cf', N'(585) 230-4109', 0, 0, NULL, 1, 0)
INSERT INTO [dbo].[AspNetUsers] ([Id], [UserName], [NormalizedUserName], [Email], [NormalizedEmail], [EmailConfirmed], [PasswordHash], [SecurityStamp], [ConcurrencyStamp], [PhoneNumber], [PhoneNumberConfirmed], [TwoFactorEnabled], [LockoutEnd], [LockoutEnabled], [AccessFailedCount]) VALUES (N'adf3824d-3c2a-4ba7-b5bd-00825334b17e', N'80316073def@gmail.com', N'80316073DEF@GMAIL.COM', N'80316073def@gmail.com', N'80316073DEF@GMAIL.COM', 1, N'AQAAAAIAAYagAAAAEOJqhr8SHzfUsF0zeREfI6RnZXCMHt5XM5Y2mFmKdwDbdfl07/++aoWD3B6jGZgCyA==', N'KD6WHSFIULC3D4A3SKJAWCW5J7GSCFXR', N'8780e6ce-e2fa-4566-9f26-3564abe1060c', N'(954) 297-1122', 0, 0, NULL, 1, 0)
INSERT INTO [dbo].[AspNetUsers] ([Id], [UserName], [NormalizedUserName], [Email], [NormalizedEmail], [EmailConfirmed], [PasswordHash], [SecurityStamp], [ConcurrencyStamp], [PhoneNumber], [PhoneNumberConfirmed], [TwoFactorEnabled], [LockoutEnd], [LockoutEnabled], [AccessFailedCount]) VALUES (N'b440fc06-0053-4a63-8123-67287d273080', N'michelerobin@hotmail.com', N'MICHELEROBIN@HOTMAIL.COM', N'michelerobin@hotmail.com', N'MICHELEROBIN@HOTMAIL.COM', 1, N'AQAAAAIAAYagAAAAEPIA9u4lgS6tWg1CyB5BgSIK25UOvYFtaISk68+KNByoHqQUJsaugKHYjmjvwdDpjQ==', N'5IXDL5FSPL6MKTVK2FXMYCIW5N5B454Q', N'235f39ce-a190-4704-b286-73f7145331bf', N'(219) 863-9300', 0, 0, NULL, 1, 0)
INSERT INTO [dbo].[AspNetUsers] ([Id], [UserName], [NormalizedUserName], [Email], [NormalizedEmail], [EmailConfirmed], [PasswordHash], [SecurityStamp], [ConcurrencyStamp], [PhoneNumber], [PhoneNumberConfirmed], [TwoFactorEnabled], [LockoutEnd], [LockoutEnabled], [AccessFailedCount]) VALUES (N'b9650a3b-70e4-4d3d-9c31-f2761a6804e4', N'bobcaphs53@gmail.com', N'BOBCAPHS53@GMAIL.COM', N'bobcaphs53@gmail.com', N'BOBCAPHS53@GMAIL.COM', 1, N'AQAAAAIAAYagAAAAEG0kas5vmTeg6qk9xri5iBapJUPBUWTHK+lVNNwO9IC5RvXJxUUNRSfF/294gqfORQ==', N'RU4NL3D6H5F6UNNZQIS5IZJGTWNQ2XAU', N'5f33978d-ca4f-46cb-b20c-e1ed375daca9', N'(863) 257-1130', 0, 0, NULL, 1, 0)
INSERT INTO [dbo].[AspNetUsers] ([Id], [UserName], [NormalizedUserName], [Email], [NormalizedEmail], [EmailConfirmed], [PasswordHash], [SecurityStamp], [ConcurrencyStamp], [PhoneNumber], [PhoneNumberConfirmed], [TwoFactorEnabled], [LockoutEnd], [LockoutEnabled], [AccessFailedCount]) VALUES (N'bb532c4d-272d-4de9-a282-2365cbda5db2', N'jpgrant27@hotmail.com', N'JPGRANT27@HOTMAIL.COM', N'jpgrant27@hotmail.com', N'JPGRANT27@HOTMAIL.COM', 0, N'AQAAAAIAAYagAAAAEIiyv0rQamh2BmIl8yYnhi0PUlAt6yNcjeZzKPviHehmzEWI8Ub4RFaRvT2VQiIyhg==', N'M7AC3BHGGU24YXVF3KAOHRFIMOGZISBJ', N'8f86d3f4-2c03-4ef5-8370-3dc8a52a8359', N'(301) 526-6225', 0, 0, NULL, 1, 0)
INSERT INTO [dbo].[AspNetUsers] ([Id], [UserName], [NormalizedUserName], [Email], [NormalizedEmail], [EmailConfirmed], [PasswordHash], [SecurityStamp], [ConcurrencyStamp], [PhoneNumber], [PhoneNumberConfirmed], [TwoFactorEnabled], [LockoutEnd], [LockoutEnabled], [AccessFailedCount]) VALUES (N'c6592d95-61d7-4f10-bda2-90a049d7fbd4', N'griffin7788@yahoo.com', N'GRIFFIN7788@YAHOO.COM', N'griffin7788@yahoo.com', N'GRIFFIN7788@YAHOO.COM', 1, N'AQAAAAIAAYagAAAAEKbws8wMxFSAKOI4EH3Kg0ph+kvW8la5M04F2vuoMyjxw0xNfId5JHmbZsnQdR2vzA==', N'5ZIBR5LOXNDRDYSZLBG4GRBXK5FDVPTZ', N'aae8f94e-6654-49ec-a1c0-a252b1b035d3', N'(863) 588-8378', 0, 0, NULL, 1, 0)
INSERT INTO [dbo].[AspNetUsers] ([Id], [UserName], [NormalizedUserName], [Email], [NormalizedEmail], [EmailConfirmed], [PasswordHash], [SecurityStamp], [ConcurrencyStamp], [PhoneNumber], [PhoneNumberConfirmed], [TwoFactorEnabled], [LockoutEnd], [LockoutEnabled], [AccessFailedCount]) VALUES (N'cca79b13-b2a9-4dd6-bddb-cf0e47fa8320', N'timwagner451@gmail.com', N'TIMWAGNER451@GMAIL.COM', N'timwagner451@gmail.com', N'TIMWAGNER451@GMAIL.COM', 1, N'AQAAAAIAAYagAAAAEGxu6rgcM8voLNjBD7CjKSBQvcCAATI6I/4nibhm8CYA3IvyP0F8t1KXnGcN5UE6yg==', N'DMT46EBAPQ5K45YJOR7JRTKHPN63T5UV', N'd28a3c7d-f005-4c01-bf32-a7c1f2062711', N'(717) 991-3389', 0, 0, NULL, 1, 0)
INSERT INTO [dbo].[AspNetUsers] ([Id], [UserName], [NormalizedUserName], [Email], [NormalizedEmail], [EmailConfirmed], [PasswordHash], [SecurityStamp], [ConcurrencyStamp], [PhoneNumber], [PhoneNumberConfirmed], [TwoFactorEnabled], [LockoutEnd], [LockoutEnabled], [AccessFailedCount]) VALUES (N'de12d016-42b2-4bc1-b23c-fbe007927a10', N'dbills246@gmail.com', N'DBILLS246@GMAIL.COM', N'dbills246@gmail.com', N'DBILLS246@GMAIL.COM', 1, N'AQAAAAIAAYagAAAAEMVPKQKx6XG/J9B6Z+niWVf8U+R26UYcwIVmfqw7rR1ZJpjckYX1dugMSA4NX8yaqA==', N'QY3UX35M5XBW7W353ZLYYIUTHBBJ4MT4', N'aae070f4-1bfd-415f-b71b-0b094bbe47e7', N'(304) 544-8162', 0, 0, NULL, 1, 0)
INSERT INTO [dbo].[AspNetUsers] ([Id], [UserName], [NormalizedUserName], [Email], [NormalizedEmail], [EmailConfirmed], [PasswordHash], [SecurityStamp], [ConcurrencyStamp], [PhoneNumber], [PhoneNumberConfirmed], [TwoFactorEnabled], [LockoutEnd], [LockoutEnabled], [AccessFailedCount]) VALUES (N'e2186903-c7cb-4a6c-91d9-a5c836b88c21', N'bearhugs57_1@msn.com', N'BEARHUGS57_1@MSN.COM', N'bearhugs57_1@msn.com', N'BEARHUGS57_1@MSN.COM', 1, N'AQAAAAIAAYagAAAAEC2JiNCMoKhZY2/D0c38basD4m++DEb3/XVhpdxMmOX2nb4rYc7Lix3B5QiOnv1tnQ==', N'G7T47GNNWEU5CB6K5GZYTGDAT5GTKY7Z', N'd7ea54ab-cba4-434c-9721-3abe2cdac471', N'(240) 338-0165', 0, 0, NULL, 1, 0)
INSERT INTO [dbo].[AspNetUsers] ([Id], [UserName], [NormalizedUserName], [Email], [NormalizedEmail], [EmailConfirmed], [PasswordHash], [SecurityStamp], [ConcurrencyStamp], [PhoneNumber], [PhoneNumberConfirmed], [TwoFactorEnabled], [LockoutEnd], [LockoutEnabled], [AccessFailedCount]) VALUES (N'e3a5796b-5265-4e8e-b271-87e64b6c4919', N'jwpotter1956@gmail.com', N'JWPOTTER1956@GMAIL.COM', N'jwpotter1956@gmail.com', N'JWPOTTER1956@GMAIL.COM', 1, N'AQAAAAIAAYagAAAAEEKE58VpyOsfKVagVKAWnn3NH27f1/A3tBJOeQwTRh+x9ACRFeApJEHwo1b4bvqY/Q==', N'FDRS3CNV2IF54XZDQ65MECFSELPWP3YS', N'90d6f326-1da5-4a36-ac17-8066ed0a7a73', N'(902) 628-5850', 0, 0, NULL, 1, 0)
INSERT INTO [dbo].[AspNetUsers] ([Id], [UserName], [NormalizedUserName], [Email], [NormalizedEmail], [EmailConfirmed], [PasswordHash], [SecurityStamp], [ConcurrencyStamp], [PhoneNumber], [PhoneNumberConfirmed], [TwoFactorEnabled], [LockoutEnd], [LockoutEnabled], [AccessFailedCount]) VALUES (N'e7e15470-8299-4e83-9781-af5b355e79b4', N'mikish@mikish.com', N'MIKISH@MIKISH.COM', N'mikish@mikish.com', N'MIKISH@MIKISH.COM', 1, N'AQAAAAIAAYagAAAAEIi+y/UlNYusYHIiQXtvOMwdhT9CVnTa9JZhju45Nvm9Jp9XpPl6LdpLXb5Tdk/h3Q==', N'VH62A2IJIORAOJWF6CO7M2MWN3L2BVPL', N'454b8b1b-dd1e-4c8f-bf33-bec7fb335ff2', N'(217) 371-8041', 0, 0, NULL, 1, 0)
INSERT INTO [dbo].[AspNetUsers] ([Id], [UserName], [NormalizedUserName], [Email], [NormalizedEmail], [EmailConfirmed], [PasswordHash], [SecurityStamp], [ConcurrencyStamp], [PhoneNumber], [PhoneNumberConfirmed], [TwoFactorEnabled], [LockoutEnd], [LockoutEnabled], [AccessFailedCount]) VALUES (N'f42539b5-5d7d-437f-bcb1-819b07404856', N'billsgarland@gmail.com', N'BILLSGARLAND@GMAIL.COM', N'billsgarland@gmail.com', N'BILLSGARLAND@GMAIL.COM', 1, N'AQAAAAIAAYagAAAAEMbeC4xxwbqueHMy1f3j6IAg5v+nUUFvJZ6jOvhqwvbCxwT8h9HHuhAnOMsAXDykRw==', N'55DWNSJZOWQ7O4SX5DZ4PWKRBLZZ6AMA', N'd0a11752-d741-471f-9729-27b7faead597', N'(304) 942-8163', 0, 0, NULL, 1, 0)
INSERT INTO [dbo].[AspNetUserRoles] ([UserId], [RoleId]) VALUES (N'029999d7-f1fd-4628-b345-bb5e4a7fe0f0', N'f542d44a-f330-459b-b46c-b87e4a87976f')
INSERT INTO [dbo].[AspNetUserRoles] ([UserId], [RoleId]) VALUES (N'044d5ce6-5639-479a-9faf-70a80d459fcd', N'5990d8bf-bd5d-4a2a-a718-057a3cde682d')
INSERT INTO [dbo].[AspNetUserRoles] ([UserId], [RoleId]) VALUES (N'070bbbb7-5356-4508-8c7a-8a3c16d3f70f', N'5990d8bf-bd5d-4a2a-a718-057a3cde682d')
INSERT INTO [dbo].[AspNetUserRoles] ([UserId], [RoleId]) VALUES (N'0efb67d2-d1a0-4c34-9e7d-d871c36cf7ed', N'5990d8bf-bd5d-4a2a-a718-057a3cde682d')
INSERT INTO [dbo].[AspNetUserRoles] ([UserId], [RoleId]) VALUES (N'0f4c6c20-939d-4234-97d8-305d597b33de', N'5990d8bf-bd5d-4a2a-a718-057a3cde682d')
INSERT INTO [dbo].[AspNetUserRoles] ([UserId], [RoleId]) VALUES (N'142dc63c-ee67-4b1d-8f71-441a2af2963b', N'5990d8bf-bd5d-4a2a-a718-057a3cde682d')
INSERT INTO [dbo].[AspNetUserRoles] ([UserId], [RoleId]) VALUES (N'1e72b2e9-0de8-44ff-81d0-ce6330e3cefb', N'5990d8bf-bd5d-4a2a-a718-057a3cde682d')
INSERT INTO [dbo].[AspNetUserRoles] ([UserId], [RoleId]) VALUES (N'22d1d4c3-7589-4a12-badc-7287265d71df', N'5990d8bf-bd5d-4a2a-a718-057a3cde682d')
INSERT INTO [dbo].[AspNetUserRoles] ([UserId], [RoleId]) VALUES (N'287e58ca-8c0b-44f1-a422-2cc8861a6aa3', N'5990d8bf-bd5d-4a2a-a718-057a3cde682d')
INSERT INTO [dbo].[AspNetUserRoles] ([UserId], [RoleId]) VALUES (N'39fa2230-f19f-4ee1-a37a-3197d0c986a8', N'5990d8bf-bd5d-4a2a-a718-057a3cde682d')
INSERT INTO [dbo].[AspNetUserRoles] ([UserId], [RoleId]) VALUES (N'419ba1ee-5d15-4893-8be1-c2f7575e14f9', N'5990d8bf-bd5d-4a2a-a718-057a3cde682d')
INSERT INTO [dbo].[AspNetUserRoles] ([UserId], [RoleId]) VALUES (N'45bd07b2-b136-4b30-b036-e8d076415b83', N'5990d8bf-bd5d-4a2a-a718-057a3cde682d')
INSERT INTO [dbo].[AspNetUserRoles] ([UserId], [RoleId]) VALUES (N'48cdda39-9cc0-44fa-a5db-8a274d7eae9d', N'5990d8bf-bd5d-4a2a-a718-057a3cde682d')
INSERT INTO [dbo].[AspNetUserRoles] ([UserId], [RoleId]) VALUES (N'490ab625-764e-4369-bd24-4ff4b8c6efaa', N'5990d8bf-bd5d-4a2a-a718-057a3cde682d')
INSERT INTO [dbo].[AspNetUserRoles] ([UserId], [RoleId]) VALUES (N'523ffa40-34d2-4cea-b7dc-6413a9323833', N'4477459a-5b9d-4d44-bd1a-b05d8e93b4b9')
INSERT INTO [dbo].[AspNetUserRoles] ([UserId], [RoleId]) VALUES (N'5e939285-2c05-4252-8de3-21bd55cc7433', N'4477459a-5b9d-4d44-bd1a-b05d8e93b4b9')
INSERT INTO [dbo].[AspNetUserRoles] ([UserId], [RoleId]) VALUES (N'5ecf463d-dee7-42af-931c-fc9cfa710608', N'5990d8bf-bd5d-4a2a-a718-057a3cde682d')
INSERT INTO [dbo].[AspNetUserRoles] ([UserId], [RoleId]) VALUES (N'60f3bfdb-1a05-4e22-8e68-bc25dbf522aa', N'5990d8bf-bd5d-4a2a-a718-057a3cde682d')
INSERT INTO [dbo].[AspNetUserRoles] ([UserId], [RoleId]) VALUES (N'6f0943fe-ea89-4b58-9278-3c23584f0976', N'5990d8bf-bd5d-4a2a-a718-057a3cde682d')
INSERT INTO [dbo].[AspNetUserRoles] ([UserId], [RoleId]) VALUES (N'700c5818-2ffe-4248-a1ac-5ef5cc296336', N'5990d8bf-bd5d-4a2a-a718-057a3cde682d')
INSERT INTO [dbo].[AspNetUserRoles] ([UserId], [RoleId]) VALUES (N'7108a4d1-4c2d-4162-98a2-a11929a471e8', N'5990d8bf-bd5d-4a2a-a718-057a3cde682d')
INSERT INTO [dbo].[AspNetUserRoles] ([UserId], [RoleId]) VALUES (N'73ed4468-9a5a-44a9-ba5c-1acd04f1fdc2', N'5990d8bf-bd5d-4a2a-a718-057a3cde682d')
INSERT INTO [dbo].[AspNetUserRoles] ([UserId], [RoleId]) VALUES (N'80e0d9e2-e6ec-4ee6-ad3a-c634d3240d56', N'5990d8bf-bd5d-4a2a-a718-057a3cde682d')
INSERT INTO [dbo].[AspNetUserRoles] ([UserId], [RoleId]) VALUES (N'80efc4f0-27e6-4f48-a130-8880fb6df3cb', N'5990d8bf-bd5d-4a2a-a718-057a3cde682d')
INSERT INTO [dbo].[AspNetUserRoles] ([UserId], [RoleId]) VALUES (N'84a82a86-2d6f-415e-a172-513174245a45', N'5990d8bf-bd5d-4a2a-a718-057a3cde682d')
INSERT INTO [dbo].[AspNetUserRoles] ([UserId], [RoleId]) VALUES (N'84be0c71-097e-42b5-b26e-8f421368e2df', N'5990d8bf-bd5d-4a2a-a718-057a3cde682d')
INSERT INTO [dbo].[AspNetUserRoles] ([UserId], [RoleId]) VALUES (N'942f15b4-106f-4681-b285-ea4fe83a50f9', N'5990d8bf-bd5d-4a2a-a718-057a3cde682d')
INSERT INTO [dbo].[AspNetUserRoles] ([UserId], [RoleId]) VALUES (N'a44be137-4017-4221-b2b9-44057d57e020', N'5990d8bf-bd5d-4a2a-a718-057a3cde682d')
INSERT INTO [dbo].[AspNetUserRoles] ([UserId], [RoleId]) VALUES (N'a808f7fd-54e1-4b80-997c-528b265fb458', N'5990d8bf-bd5d-4a2a-a718-057a3cde682d')
INSERT INTO [dbo].[AspNetUserRoles] ([UserId], [RoleId]) VALUES (N'adf3824d-3c2a-4ba7-b5bd-00825334b17e', N'5990d8bf-bd5d-4a2a-a718-057a3cde682d')
INSERT INTO [dbo].[AspNetUserRoles] ([UserId], [RoleId]) VALUES (N'b440fc06-0053-4a63-8123-67287d273080', N'5990d8bf-bd5d-4a2a-a718-057a3cde682d')
INSERT INTO [dbo].[AspNetUserRoles] ([UserId], [RoleId]) VALUES (N'b9650a3b-70e4-4d3d-9c31-f2761a6804e4', N'5990d8bf-bd5d-4a2a-a718-057a3cde682d')
INSERT INTO [dbo].[AspNetUserRoles] ([UserId], [RoleId]) VALUES (N'bb532c4d-272d-4de9-a282-2365cbda5db2', N'5990d8bf-bd5d-4a2a-a718-057a3cde682d')
INSERT INTO [dbo].[AspNetUserRoles] ([UserId], [RoleId]) VALUES (N'c6592d95-61d7-4f10-bda2-90a049d7fbd4', N'5990d8bf-bd5d-4a2a-a718-057a3cde682d')
INSERT INTO [dbo].[AspNetUserRoles] ([UserId], [RoleId]) VALUES (N'cca79b13-b2a9-4dd6-bddb-cf0e47fa8320', N'5990d8bf-bd5d-4a2a-a718-057a3cde682d')
INSERT INTO [dbo].[AspNetUserRoles] ([UserId], [RoleId]) VALUES (N'de12d016-42b2-4bc1-b23c-fbe007927a10', N'5990d8bf-bd5d-4a2a-a718-057a3cde682d')
INSERT INTO [dbo].[AspNetUserRoles] ([UserId], [RoleId]) VALUES (N'e2186903-c7cb-4a6c-91d9-a5c836b88c21', N'5990d8bf-bd5d-4a2a-a718-057a3cde682d')
INSERT INTO [dbo].[AspNetUserRoles] ([UserId], [RoleId]) VALUES (N'e3a5796b-5265-4e8e-b271-87e64b6c4919', N'5990d8bf-bd5d-4a2a-a718-057a3cde682d')
INSERT INTO [dbo].[AspNetUserRoles] ([UserId], [RoleId]) VALUES (N'e7e15470-8299-4e83-9781-af5b355e79b4', N'4477459a-5b9d-4d44-bd1a-b05d8e93b4b9')
INSERT INTO [dbo].[AspNetUserRoles] ([UserId], [RoleId]) VALUES (N'f42539b5-5d7d-437f-bcb1-819b07404856', N'5990d8bf-bd5d-4a2a-a718-057a3cde682d')
SET IDENTITY_INSERT [dbo].[AspNetUserClaims] ON
INSERT INTO [dbo].[AspNetUserClaims] ([Id], [UserId], [ClaimType], [ClaimValue]) VALUES (1, N'e7e15470-8299-4e83-9781-af5b355e79b4', N'FullName', N'The Mikish Group')
INSERT INTO [dbo].[AspNetUserClaims] ([Id], [UserId], [ClaimType], [ClaimValue]) VALUES (6, N'5e939285-2c05-4252-8de3-21bd55cc7433', N'FullName', N'Patricia Bridewell')
INSERT INTO [dbo].[AspNetUserClaims] ([Id], [UserId], [ClaimType], [ClaimValue]) VALUES (7, N'029999d7-f1fd-4628-b345-bb5e4a7fe0f0', N'FullName', N'Pastor Patty')
INSERT INTO [dbo].[AspNetUserClaims] ([Id], [UserId], [ClaimType], [ClaimValue]) VALUES (9, N'523ffa40-34d2-4cea-b7dc-6413a9323833', N'FullName', N'Administrator')
INSERT INTO [dbo].[AspNetUserClaims] ([Id], [UserId], [ClaimType], [ClaimValue]) VALUES (11, N'0f4c6c20-939d-4234-97d8-305d597b33de', N'FullName', N'Joe & Carol Wawrzynski')
INSERT INTO [dbo].[AspNetUserClaims] ([Id], [UserId], [ClaimType], [ClaimValue]) VALUES (12, N'a44be137-4017-4221-b2b9-44057d57e020', N'FullName', N'Anita Black')
INSERT INTO [dbo].[AspNetUserClaims] ([Id], [UserId], [ClaimType], [ClaimValue]) VALUES (13, N'c6592d95-61d7-4f10-bda2-90a049d7fbd4', N'FullName', N'Kewhi Lee')
INSERT INTO [dbo].[AspNetUserClaims] ([Id], [UserId], [ClaimType], [ClaimValue]) VALUES (14, N'45bd07b2-b136-4b30-b036-e8d076415b83', N'FullName', N'Jesus & Vilma Hernandez')
INSERT INTO [dbo].[AspNetUserClaims] ([Id], [UserId], [ClaimType], [ClaimValue]) VALUES (22, N'044d5ce6-5639-479a-9faf-70a80d459fcd', N'FullName', N'Lynda Boardman')
INSERT INTO [dbo].[AspNetUserClaims] ([Id], [UserId], [ClaimType], [ClaimValue]) VALUES (25, N'0efb67d2-d1a0-4c34-9e7d-d871c36cf7ed', N'FullName', N'Bill Vanderwall')
INSERT INTO [dbo].[AspNetUserClaims] ([Id], [UserId], [ClaimType], [ClaimValue]) VALUES (31, N'48cdda39-9cc0-44fa-a5db-8a274d7eae9d', N'FullName', N'June Vanderwall')
INSERT INTO [dbo].[AspNetUserClaims] ([Id], [UserId], [ClaimType], [ClaimValue]) VALUES (32, N'7108a4d1-4c2d-4162-98a2-a11929a471e8', N'FullName', N'Sandra Thiem')
INSERT INTO [dbo].[AspNetUserClaims] ([Id], [UserId], [ClaimType], [ClaimValue]) VALUES (33, N'700c5818-2ffe-4248-a1ac-5ef5cc296336', N'FullName', N'Iris Dejesus')
INSERT INTO [dbo].[AspNetUserClaims] ([Id], [UserId], [ClaimType], [ClaimValue]) VALUES (34, N'1e72b2e9-0de8-44ff-81d0-ce6330e3cefb', N'FullName', N'Gay Leslie Dworetzky')
INSERT INTO [dbo].[AspNetUserClaims] ([Id], [UserId], [ClaimType], [ClaimValue]) VALUES (35, N'b9650a3b-70e4-4d3d-9c31-f2761a6804e4', N'FullName', N'Robert J Cook')
INSERT INTO [dbo].[AspNetUserClaims] ([Id], [UserId], [ClaimType], [ClaimValue]) VALUES (36, N'490ab625-764e-4369-bd24-4ff4b8c6efaa', N'FullName', N'David Ecker')
INSERT INTO [dbo].[AspNetUserClaims] ([Id], [UserId], [ClaimType], [ClaimValue]) VALUES (38, N'80efc4f0-27e6-4f48-a130-8880fb6df3cb', N'FullName', N'Rebecca Anderson ')
INSERT INTO [dbo].[AspNetUserClaims] ([Id], [UserId], [ClaimType], [ClaimValue]) VALUES (39, N'60f3bfdb-1a05-4e22-8e68-bc25dbf522aa', N'FullName', N'Melanie/fernando Correa')
INSERT INTO [dbo].[AspNetUserClaims] ([Id], [UserId], [ClaimType], [ClaimValue]) VALUES (42, N'84a82a86-2d6f-415e-a172-513174245a45', N'FullName', N'Roberta Wright')
INSERT INTO [dbo].[AspNetUserClaims] ([Id], [UserId], [ClaimType], [ClaimValue]) VALUES (43, N'287e58ca-8c0b-44f1-a422-2cc8861a6aa3', N'FullName', N'Richard Sanchez ')
INSERT INTO [dbo].[AspNetUserClaims] ([Id], [UserId], [ClaimType], [ClaimValue]) VALUES (46, N'070bbbb7-5356-4508-8c7a-8a3c16d3f70f', N'FullName', N'Doris Miller Davey')
INSERT INTO [dbo].[AspNetUserClaims] ([Id], [UserId], [ClaimType], [ClaimValue]) VALUES (47, N'39fa2230-f19f-4ee1-a37a-3197d0c986a8', N'FullName', N'Patty Kake')
INSERT INTO [dbo].[AspNetUserClaims] ([Id], [UserId], [ClaimType], [ClaimValue]) VALUES (48, N'6f0943fe-ea89-4b58-9278-3c23584f0976', N'FullName', N'Rita Gettinger')
INSERT INTO [dbo].[AspNetUserClaims] ([Id], [UserId], [ClaimType], [ClaimValue]) VALUES (49, N'e2186903-c7cb-4a6c-91d9-a5c836b88c21', N'FullName', N'Mary Pflug')
INSERT INTO [dbo].[AspNetUserClaims] ([Id], [UserId], [ClaimType], [ClaimValue]) VALUES (50, N'cca79b13-b2a9-4dd6-bddb-cf0e47fa8320', N'FullName', N'Tim Wagner')
INSERT INTO [dbo].[AspNetUserClaims] ([Id], [UserId], [ClaimType], [ClaimValue]) VALUES (51, N'f42539b5-5d7d-437f-bcb1-819b07404856', N'FullName', N'Garland Bills')
INSERT INTO [dbo].[AspNetUserClaims] ([Id], [UserId], [ClaimType], [ClaimValue]) VALUES (52, N'419ba1ee-5d15-4893-8be1-c2f7575e14f9', N'FullName', N'Daniel Rosario Hernández')
INSERT INTO [dbo].[AspNetUserClaims] ([Id], [UserId], [ClaimType], [ClaimValue]) VALUES (53, N'de12d016-42b2-4bc1-b23c-fbe007927a10', N'FullName', N'Debbie Bills')
INSERT INTO [dbo].[AspNetUserClaims] ([Id], [UserId], [ClaimType], [ClaimValue]) VALUES (60, N'e3a5796b-5265-4e8e-b271-87e64b6c4919', N'FullName', N'John Potter')
INSERT INTO [dbo].[AspNetUserClaims] ([Id], [UserId], [ClaimType], [ClaimValue]) VALUES (61, N'b440fc06-0053-4a63-8123-67287d273080', N'FullName', N'Michele Robinson')
INSERT INTO [dbo].[AspNetUserClaims] ([Id], [UserId], [ClaimType], [ClaimValue]) VALUES (62, N'a808f7fd-54e1-4b80-997c-528b265fb458', N'FullName', N'Luis Hernandez  ')
INSERT INTO [dbo].[AspNetUserClaims] ([Id], [UserId], [ClaimType], [ClaimValue]) VALUES (63, N'22d1d4c3-7589-4a12-badc-7287265d71df', N'FullName', N'Frances Beers')
INSERT INTO [dbo].[AspNetUserClaims] ([Id], [UserId], [ClaimType], [ClaimValue]) VALUES (65, N'942f15b4-106f-4681-b285-ea4fe83a50f9', N'FullName', N'Michael Vaughn')
INSERT INTO [dbo].[AspNetUserClaims] ([Id], [UserId], [ClaimType], [ClaimValue]) VALUES (66, N'73ed4468-9a5a-44a9-ba5c-1acd04f1fdc2', N'FullName', N'Ana H Rios')
INSERT INTO [dbo].[AspNetUserClaims] ([Id], [UserId], [ClaimType], [ClaimValue]) VALUES (67, N'bb532c4d-272d-4de9-a282-2365cbda5db2', N'FullName', N'John Patterson H Grant')
INSERT INTO [dbo].[AspNetUserClaims] ([Id], [UserId], [ClaimType], [ClaimValue]) VALUES (68, N'142dc63c-ee67-4b1d-8f71-441a2af2963b', N'FullName', N'Sherri Kirda ')
INSERT INTO [dbo].[AspNetUserClaims] ([Id], [UserId], [ClaimType], [ClaimValue]) VALUES (69, N'84be0c71-097e-42b5-b26e-8f421368e2df', N'FullName', N'Jennifer Sneen')
INSERT INTO [dbo].[AspNetUserClaims] ([Id], [UserId], [ClaimType], [ClaimValue]) VALUES (70, N'5ecf463d-dee7-42af-931c-fc9cfa710608', N'FullName', N'Christopher Moy')
INSERT INTO [dbo].[AspNetUserClaims] ([Id], [UserId], [ClaimType], [ClaimValue]) VALUES (71, N'80e0d9e2-e6ec-4ee6-ad3a-c634d3240d56', N'FullName', N'Tom Miller ')
INSERT INTO [dbo].[AspNetUserClaims] ([Id], [UserId], [ClaimType], [ClaimValue]) VALUES (72, N'adf3824d-3c2a-4ba7-b5bd-00825334b17e', N'FullName', N'Phyllis Cooper')
INSERT INTO [dbo].[AspNetUserClaims] ([Id], [UserId], [ClaimType], [ClaimValue]) VALUES (73, N'23a2c0ce-fe62-4b8d-a6bd-2af8c9748a88', N'FullName', N'Charles Myers')
SET IDENTITY_INSERT [dbo].[AspNetUserClaims] OFF
ALTER TABLE [dbo].[AspNetUserClaims]
    ADD CONSTRAINT [FK_AspNetUserClaims_AspNetUsers_UserId] FOREIGN KEY ([UserId]) REFERENCES [dbo].[AspNetUsers] ([Id]) ON DELETE CASCADE
ALTER TABLE [dbo].[AspNetUserLogins]
    ADD CONSTRAINT [FK_AspNetUserLogins_AspNetUsers_UserId] FOREIGN KEY ([UserId]) REFERENCES [dbo].[AspNetUsers] ([Id]) ON DELETE CASCADE
ALTER TABLE [dbo].[AspNetUserRoles]
    ADD CONSTRAINT [FK_AspNetUserRoles_AspNetRoles_RoleId] FOREIGN KEY ([RoleId]) REFERENCES [dbo].[AspNetRoles] ([Id]) ON DELETE CASCADE
ALTER TABLE [dbo].[AspNetUserRoles]
    ADD CONSTRAINT [FK_AspNetUserRoles_AspNetUsers_UserId] FOREIGN KEY ([UserId]) REFERENCES [dbo].[AspNetUsers] ([Id]) ON DELETE CASCADE
ALTER TABLE [dbo].[AspNetUserTokens]
    ADD CONSTRAINT [FK_AspNetUserTokens_AspNetUsers_UserId] FOREIGN KEY ([UserId]) REFERENCES [dbo].[AspNetUsers] ([Id]) ON DELETE CASCADE
ALTER TABLE [dbo].[AspNetRoleClaims]
    ADD CONSTRAINT [FK_AspNetRoleClaims_AspNetRoles_RoleId] FOREIGN KEY ([RoleId]) REFERENCES [dbo].[AspNetRoles] ([Id]) ON DELETE CASCADE
COMMIT TRANSACTION
